businessName;location;zipCode;tags;message;phone;;;;;;
Creative Design and Build;Coronado, CA ;91932;#HomeRemodeling, #CoronadoCA;Transform your entire home with Creative Design and Build! 🏡✨ Our full home remodeling services cater to your unique style and needs, from modern updates to complete renovations. Let’s create a space that reflects your vision. Contact us today for a consultation! 📞🔨;0;;;;;;
Creative Design and Build;El Cajon, CA;92019;#FlooringServices #ElCajonCA;Upgrade your home with quality flooring installation. Contact us today! 🏡✨;0;;;;;;
Creative Design and Build;La Mesa, CA;91941;#FlooringServices #ElCajonCA;Turn your dream bathroom into reality with expert remodeling. Call us now! 🛁✨;0;;;;;;
Creative Design and Build;National City, CA;91902;#ADUConstruction #NationalCityCA;Maximize your property’s potential with ADU construction. Call us to learn more! 🏠✨;0;;;;;;
Creative Design and Build;Chula Vista, CA;91915;null;Room Additions Expand your living space with custom room additions! 🏡✨ Creative Design and Build in Chula Vista, CA creates the perfect addition for your home.;0;;;;;;
Creative Design and Build;San Diego, CA;92027;null;Roofing Protect your home with expert roofing! 🏠🔨 Creative Design and Build in San Diego, CA offers top-notch roofing services for style and durability. Contact us today for exceptional results! 🌟✨;0;;;;;;
Creative Design and Build;Poway, CA;92025;null;Kitchen Remodeling Upgrade your cooking space! 🍳✨ Creative Design and Build in Poway, CA specializes in kitchen remodeling to bring your dream kitchen to life. Contact us today for a stylish and functional transformation! 🛠️🌟;0;;;;;;
Creative Design and Build;Coronado, CA;91932;null;Interior / Exterior Painting Ready to refresh your home? 🎨🏠 Creative Design and Build in Coronado, CA provides expert interior and exterior painting services. Enhance your space with vibrant colors and professional finishes. Contact us today to get started on your dream project! ✨🖌️;0;;;;;;
Creative Design and Build;El Cajon, CA;92019;null;Hardscape 🌿 Enhance your outdoor living with Creative Design and Build! We specialize in custom hardscape designs in El Cajon, CA, creating beautiful patios, pathways, and more. 🛠️✨ Contact us to design your dream outdoor space!;0;;;;;;
Creative Design and Build;La Mesa, CA;91941;null; Full Home Remodeling Transform your home with complete remodeling solutions from Creative Design and Build in La Mesa, CA. 🔹 Our Services Include: Interior Renovations: Kitchens, bathrooms, and living spaces. Exterior Updates: Curb appeal upgrades and structural enhancements. Custom Designs: Tailored to your style and needs. 📞 Call us today to start planning your dream home makeover!;0;;;;;;
